select,M,プログラムデータを一時的に保存するために使用され、コンピュータの電源を落とした時にデータが消去されるのは、次のうちどれですか。,CPU,SSD,ハードディスク,システムメモリー,,,システムメモリー,,,
select,M,OSやアプリケーションのセキュリティの強化を可能にするパッチの適用のうち、ベンダー管理による更新を可能にし、ユーザーの負担が最も少ない方法は、次のうちどれですか。,定期的なアップグレード,頻繁なパッチあて,自動アップデート,デイリーでスケジュールされたパッチ,,,自動アップデート,,,
select,M,ケーブルロックを使用することで軽減することができるセキュリティ上の脅威は、次のうちどれですか。,ショルダーサーフィン,フィッシング,ハードウェアの盗難,ダンプスターダイビング（ゴミ箱あさり）,,,ハードウェアの盗難,,,
select,M,パスワードを複雑にすることが必要とされる理由は、次のうちどれですか。,パスワードをクラックするのがより難しくなるため,ユーザーがパスワードを忘れないよう、書き留めることを促すため,ユーザーのタイピングスキルを向上させるため,ユーザーが別のアカウントで同じパスワードを使用しないようにするため,,,パスワードをクラックするのがより難しくなるため,,,
select,M,ユーザーは、リンクを含むメールを受信しました。リンクにカーソルを置くと、実際のURLは、メールに記載されているテキストと一致せず、ランダムな文字列として表示されています。最適な処置は、次のうちどれですか。,知人にメールを転送し、アドバイスをもらう,送信者に返信し、リンクへの接続が安全かどうか尋ねる,リンクをクリックせず、メールを削除する,マルウェア対策ソフトがインストールされているのでリンクをクリックしてみる,,,リンクをクリックせず、メールを削除する,,,
select,M,コンピュータオペレーションにおいて、一時的なストレージとして動作するコンポーネントは、次のうちどれですか。,システムボード,CPU (Central processing unit),RAM (Random access memory),拡張カード,,,RAM (Random access memory),,,
select,M,拡張子に .rtf がつくファイルの種類は、次のうちどれですか。,文書,実行ファイル,音声,表計算,,,文書,,,
select,M,ノートPCやPC（ワークステーション）の物理的な盗難を防ぐ方法として一般的なのは、次のうちどれですか。,いかなる機密情報は処分する前に、細断する,パスワードをコンピュータの近くに置かない,パスワード/暗証番号を入力するときの認識力を養う,ケーブルと鍵は、固定された物にしっかりと取り付ける,,,ケーブルと鍵は、固定された物にしっかりと取り付ける,,,
select,M,新しいソフトウェアアプリケーションをインストールした後、ユーザーは、そのアプリケーションが試用版として起動することに気が付きました。アプリケーションをアクティベーションするために実行する必要があるのは、次のうちどれですか。,プロダクトまたはライセンスキーを入力する,ベンダーサポートに連絡する,ソフトウェアアプリケーションを再インストールする,ソフトウェアインストールを完了させる,,,プロダクトまたはライセンスキーを入力する,,,
select,M,あるユーザーのノートPCのハードディスクには、機密情報が含まれており、そのPCを会社のネットワークに時々接続します。その際、ユーザーの機密情報ファイルが、別のPCから閲覧されていることに気が付きました。この状況を防止するための方法は、次のうちどれですか。,ノートPC上で、ファイルとプリンターの共有を無効にする,ネットワークから使っていないドライブを削除する,キーリングから共有キーを削除する,ファイル上のリードオンリー属性を設定する,,,ノートPC上で、ファイルとプリンターの共有を無効にする,,,
select,M,ユーザーのマイナンバー、誕生日、現住所などの情報があてはまるのは、次のうちどれですか。,IMAP,HTTP,PII,HTTPS,,,PII,,,
select,M,CPUの機能説明として当てはまるのは、次のうちどれですか。,遠隔伝送のためデータを暗号化する,データ計算を実行する,コンポーネントに電力を供給する,ファイルの格納先を提供する,,,データ計算を実行する,,,
select,M,OSのアクティベーションを実行した際に、ソフトウェアが純正ではない可能性があるというメッセージが表示されました。ここで発生していると考えられるセキュリティ脅威は、次のうちどれですか。,ソーシャルエンジニアリング,フィッシング,ウイルス攻撃,ライセンス盗難,,,ライセンス盗難,,,
select,M,ユーザーは、SOHOワイヤレスルーターを設定しています。ユーザーが、ルータのデフォルトの管理者パスワードを変更すべき理由は、次のうちどれですか。,不適切なデータ送信暗号化を防止するため,不正な設定変更を防止するため,ソーシャルエンジニアリング攻撃を防止するため,ワイヤレスシグナルの強度を高めるため,,,不正な設定変更を防止するため,,,
select,M,ユーザーは、8GBのRAMを動作条件とするCADアプリケーションの導入を検討しています。必要となるOSのタイプは、次のうちどれですか。,8-bit,16-bit,32-bit,64-bit,,,64-bit,,,
select,M,複数のユーザー間で、あるフォルダ共有利用する必要があり、要件として高可用性が重要です。最適なソリューションは、次のうちどれですか。,PCに接続された容量の大きなUSBメモリ,中容量程度のSATAハードドライブ,ネットワークアタッチトストレージアプライアンス,セキュリティ機能を搭載したファイアウォール,,,ネットワークアタッチトストレージアプライアンス,,,
select,M,内部システム機器の相互接続について責任を持つコンポーネントは、次のうちどれですか。,システムケース,電源,マザーボード,拡張カード,,,マザーボード,,,
select,M,コンピュータを悪意ある攻撃から保護するソフトウェアは、次のうちどれですか。,バックアップ,アンチウイルス,ダイアグノスティック,スクリーンセーバー,,,アンチウイルス,,,
select,M,ビデオ、オーディオ、ネットワークカードを接続するために使用されるコンピュータの内部コンポーネントは、次のうちどれですか。,CPU,マザーボード,ハードドライブ,モデム,,,マザーボード,,,
select,M,コンピュータの温度を正常範囲内に保つため最も重要な事は、次のうちどれですか。,一定の出力を維持する,十分なエアフローを確保する,ケースを開けたままにしておく,不要時は、ワイヤレスをオフにしておく,,,十分なエアフローを確保する,,,
select,M,従業員が使用しているデスクの電話機には、ネットワークケーブルのみが接続されています。この電話機で使用されていると考えられる技術は、次のうちどれですか。,LTE,GSM,VoIP,CDMA,,,VoIP,,,
select,M,複数のファイルを統合するために使用されるファイル形式は、次のうちどれですか。,rtf,m3u,avi,rar,,,rar,,,
select,M,.batファイルを実行する際に必要な権限は、次のうちどれですか。,削除,実行,書き込み,変更,,,実行,,,
select,M,技術者がワークステーションにOSをインストールした後、画面上ですべてが大きなウインドウサイズで表示され、表示領域が制限されていることに気が付きました。この症状を解決するために設定する必要があると考えられるのは、次のうちどれですか。,色深度,向き,DPI設定,解像度,,,解像度,,,
select,M,2台の新しいスマートフォン間で、同一のWiFiネットワークに接続することなく、ファイルを最も簡単かつ迅速に共有できる方法は、次のうちどれですか。,Micro SDカード,Bluetooth,USB接続,赤外線,,,Bluetooth,,,
select,M,技術者は、新しいコンピュータを設置しました。ケーブル管理において、最良の方法であるのは、次のうちどれですか。,ケーブルをきれいに整列させ、ケーブルタイでまとめる,ケーブル間の干渉を防ぐため、緩めたままにしておく,ケーブルを壁に固定する,カーペットの下にケーブルをきれいに敷く,,,ケーブルをきれいに整列させ、ケーブルタイでまとめる,,,
select,M,ユーザーは、ノートPCにメジャーアップデートを実行しようとしています。アップデート実行前に、行うべき作業は、次のうちどれですか。,バックアップからフォルダを復元する,管理者アカウントのパスワードを変更する,重要なフォルダをバックアップする,すべての個人的なドキュメントを印刷する,,,重要なフォルダをバックアップする,,,
select,M,以下のプリンタ接続方法において、最も高速にデータ転送できる方式は、次のうちどれですか。,Bluetooth,USB,パラレル,シリアル,,,USB,,,
select,M,ユーザーは、Eメールアカウントの初期パスワードを変更する必要があります。複雑なパスワードの例として最も適切であると考えられるのは、次のうちどれですか。,01#iWant!2686612338,iWantobeaCosmonau#,01c234n56789v9876x21,012iWanttobe210,,,01#iWant!2686612338,,,
select,M,64-bitのOSを使用する利点は、次のうちどれですか。,SSDを認識することができる,IPv6アドレスを取得することができる,より多くのRAMを活用することができる,2つ以上のハードドライブを追加することができる,,,より多くのRAMを活用することができる,,,
select,M,ユーザーは、ホテルの共用ワークステーションでのインターネットの閲覧をしました。個人情報保護の観点から、最後に実行すべきステップは、次のうちどれですか。,ゲストアカウントからログアウトし、再起動する,ブラウザ、拡張機能、プラグインを更新する,ワークステーションのウイルススキャンを実行する,ブラウザのキャッシュ、クッキー、履歴をクリアにする,,,ブラウザのキャッシュ、クッキー、履歴をクリアにする,,,
select,M,コンピュータを安全に安心して使用するために必要な知識はどれですか。,プログラミング,デザイン,情報セキュリティ,情報工学,,,情報セキュリティ,,,
select,M,キーボードやマウスは、コンピュータの５大装置のどれに分類されますか。,入力装置,演算装置,制御装置,出力装置,,,入力装置,,,
select,M,企業のサーバーに用いられる、大型のコンピュータはどれですか。,スマートホン,ノートPC,デスクトップPC,ラックマウントPC,,,ラックマウントPC,,,
select,M,Webブラウザは、次のどれに該当しますか。,システムソフトウェア,OS,デバイスドライバ,アプリケーション,,,アプリケーション,,,
select,M,コンピューターにビデオカードを追加する際に、十分な電力が供給されるかどうかを確認するのはどれですか。,GPU,CPU ,NIC,PSU,,,PSU,,,
select,M,一時的なプログラムやデータの記憶に使用され、コンピュータの電源を切るとデータが保存されないものはどれですか。,CPU,メインメモリ,SATA,SSD,,,メインメモリ,,,
select,M,大容量のデータの保存に使用され、コンピュータの電源を切ってもデータが保存されるのはどれですか。,RAM,ハードディスク,プロセッサ,PSU,,,ハードディスク,,,
select,M,OSの起動ディスクとして最も高速なのはどれですか。,ハードディスク,CD,DVD,SSD,,,SSD,,,
select,M,ディスプレイに表示されるウィンドウが大きすぎる場合に技術者が調整すべきものは、次のうちどれですか。,コントラスト,向き,明度,解像度,,,解像度,,,
select,M,熱を利用して特別な用紙に印字するプリンターはどれですか。,レーザー,サーマル,インクジェット,ターミナル,,,サーマル,,,
select,M,ネットワークを介して複数のコンピュータで共有されるファイルサーバー専用機はどれですか。,ネットワークアタッチドストレージ,USBメモリ,メモリカード,マルチカードリーダー,,,ネットワークアタッチドストレージ,,,
select,M,ディスプレイやプロジェクター接続に広く用いられる15ピンのアナログインターフェースはどれですか。,VGA,DVI,HDMI,d-Video,,,VGA,,,
select,M,モバイル向けOSの特徴は、次のうちどれですか。,商用使用である,無料で使用できる,ソースコードを公開している,軽量である,,,軽量である,,,
select,M,インターネットアクセスが許可され、パスワードの作成ができないユーザーアカウントはどれですか。,Guest,管理者,標準ユーザー,Power User,,,Guest,,,
select,M,ファイルやフォルダーのデータの保存容量を少なくするには、どうしますか。,移動,圧縮,コピー,削除,,,圧縮,,,
select,M,OSを自動更新する設定のメリットは、次のうちどれですか。,正常にハードディスクにファイルを配置できる,消失や消去したファイルを復元できる,OSの問題の修正やセキュリティ強化を迅速に行うことができる。,最新のウイルス定義ファイルをインストールできる,,,OSの問題の修正やセキュリティ強化を迅速に行うことができる。,,,
select,M,最も信頼性の高いデータ接続技術は、次のうちどれですか。,イーサネット,無線LAN,Bluetooth,携帯通信サービス,,,イーサネット,,,
select,M,最新かつ最強の無線LANセキュリティ規格はどれですか。,WEP,WPA2,WPA,SSID,,,WPA2,,,
select,M,インターネット接続を暗号化し、安全なオンラインバンキングを実現するのはどれですか。,HTTP,SFTP,HTTPS,FTPS,,,HTTPS,,,
select,M,ローカルストレージと比較したクラウドストレージのメリットはどれですか。,通信費用の減少,ファイルへのアクセス速度の向上,リソースの柔軟な増減が可能,セキュリティが高い,,,リソースの柔軟な増減が可能,,,
select,M,インターネット閲覧時に、システムを無効にすることを避けるために支払いを要求する脅迫メッセージが表示されました。このタイプのマルウェアは、次のうちどれですか。,ランサムウェア,スパイウェア,アドウェア,ウイルス,,,ランサムウェア,,,
select,M,多要素認証の例として適切なものは、次のうちどれですか。,ユーザ名とパスワード、PIN,ユーザ名とパスワード、ICカード,ユーザ名とパスワード、誕生日,ユーザ名とパスワード,,,ユーザ名とパスワード、ICカード,,,
select,M,パスワードを作成する際のベストプラクティスは、次のうちどれですか。,名前と誕生日を組み合わせる,すべてのシステムで同じパスワードを利用する,英字や数字、記号を組み合わせる,辞書に載っている用語を使用する,,,英字や数字、記号を組み合わせる,,,
select,M,ブラウザを開くと、知らないWebサイトへ転送されました。この問題の原因は、次のうちどれですか。,アドウェアの影響,セキュリティポリシーの影響,ブラウザキャッシュの影響,ソーシャルエンジニアリングの影響,,,アドウェアの影響,,,
select,M,コンピュータの利用を開始する際に、ハードウェアが期待通りに動かない場合は、まず何を確認しますか,ケーブルや接続部が外れていないか,アンチウイルスソフトがインストールされているか,OSがインストールされているか,インターネットに接続できるか,,,ケーブルや接続部が外れていないか,,,
select,M,クラウドベースストレージの特徴は、次のうちどれですか。,データを毎日コピーする,データをローカルコピーする,データを事業者サイトに保管する,データをすべてバックアップする,,,データを事業者サイトに保管する,,,
select,M,盗難時にモバイルデバイスへの不正アクセスを防止する方法は、次のうちどれですか。,機内モードの有効化,同期の無効化,パスコードロック,GPSトラッキング,,,パスコードロック,,,
select,M,電気電子機器において特定有害物質の使用制限を定めているガイドラインは、次のうちどれですか。,RoHS,ESD,EMI,エネルギースター,,,RoHS,,,
select,M,電力供給がなくなるとデータが消えるのは次のうちどれですか。,ハードディスク,メインメモリ,CD-ROM,USBメモリ,,,メインメモリ,,,
select,M,DIMMとS.O.DIMMの違いで正しいものは次のうちどれですか。,S.O.DIMはデスクトップで、DIMMはノートパソコンで利用される,S.O.DIMMの方が高速である,S.O.DIMMはDIMMよりサイズが小さい,S.O.DIMMはDIMMよりサイズが大きい,,,S.O.DIMMはDIMMよりサイズが小さい,,,
select,M,80芯のケ-プルを利用するのはどれですか。,FDドライブ,IDEドライブ,SATAドライブ,SCSIドライブ,,,IDEドライブ,,,
select,M,電力供給がなくなるとデ一夕が消えるのはどれですか。,八一ドディスク,メモリ,CD-ROM,USBメモリ,,,メモリ,,,
select,M,DIMM、SIMMといえば何のことですか。,CPU,メモリ,八一ドディスク,ディスプレイ,マウス,,メモリ,,,
select,M,DIMMとS.O.DIMMとの違いで正しいものはどれですか。,S.O.DIMMはデスクトツプで、DIMMはノー卜パソコンで利用される,S.O.DIMMの方が高速である,S.O.DIMMはDIMMよりサイズが小さい,S.O.DIMMはDIMMよりサイズが大きい,,,S.O.DIMMはDIMMよりサイズが小さい,,,
select,M,パフオーマンスを重視した場合、どのディスクを使えばいいですか。,USB2.0,IDE,PATA,SATA,,,SATA,,,
select,M,マルチコアプロセッサのメリットはなんですか。,並列処理能力が向上する,大容量のメモリをサポートする事ができる,64ビット環境をサポートする,整数演算能力が向上する,,,並列処理能力が向上する,,,
select,M,"インテルべ一スのプロセッサとAMDベースのプロセッサについての一般的な説明として正
しいものを2つ選択してください。",基本的な機能に違いはない,コア数が違う,追加の機能に違いがある,インテルベースのブロセツサの方が高速に動作する,,,基本的な機能に違いはない,,,
select,M,プロセッサの速度はどれによって表されますか。,Ohm,GHz,RPM,Farad,,,GHz,,,
select,M,プロセッサのキャッシュとはなんですか。,プロセッサを購入するための費用,プロセッサの処理能力を向上するためのメモリ,プロセッサの処理能力を向上するためのコア,プロセッサと同期するDRAM,,,プロセッサの処理能力を向上するためのメモリ,,,
select,M,—般的にバススピードとはどれのことを言いますか。,CPU,RAM,FSB,HDD,,,FSB,,,
select,M,DDR、DDR2、DDR3についての説明で間違つているものはどれですか。,DDR3が最も高速,すべての規格で互換性がある,デュアルチヤンネルを利用するとパフオーマンスを向上する事ができる,すべてSDRAMである,,,すべての規格で互換性がある,,,
select,M,一般的にノ一卜PCに搭載されるメモリはどれですか。,SIMM,DIMM,S.O.DIMM,EDO RAM,,,S.O.DIMM,,,
select,M,次の内八一ドディスクの性能を示す単位はどれですか。,Hz,RPM,Ohm,bit,,,RPM,,,
select,M,次の中で一番ケーブルが細いのはどれですか。,SATA,IDE,SCSI,FD,,,SATA,,,
select,M,次の中で周辺機器を接続するのに利用される無線技術はどれですか。,802.11b,RF,IrDA,Bluetooth,,,Bluetooth,,,
select,M,一般的にローカルの八一ドディスクとネットワークの共有ディスクの違いはなんですか。,ローカルの八一ドディスクのデータはネットワークから参照できる,ネットワークの共有ディスクは高速にアクセスできる,ネットワ一クの共有ディスクはアプリケ一シヨンをインストールできる,ローカルのハードディスクはアプリケーションをインス卜一ルできる,,,ローカルのハードディスクはアプリケーションをインス卜一ルできる,,,
select,M,次のうち一番高速な規格はどれですか。,SDR SDRAM,DDR SDRAM,DDR2 SDRAM,DDR3SDRAM,,,DDR3SDRAM,,,
select,M,ケーブルモデムを使ってWANに接続する場合、利用されるのはどれですか。,シリアル,パラレル,同軸ケーブル,RJ-45,,,同軸ケーブル,,,
select,M,TCPポー卜21番を利用するのはどのプロ卜コルですか。,FTP,SMTP,HTTP,IMAP,,,FTP,,,
select,M,電子メールを送信する際に使われるのはどのプロトコルですか。,SMS,IMAP,MAPI,SMTP,,,SMTP,,,
select,M,アクセスポイントを識別するのに使われるのはどれですか。,WPA,WEP,MAC,SSID,,,SSID,,,
select,M,ユーザーのWebブラウザに保存される小さなデ一夕は何ですか。,Cookie,JavaScript,HTTP,プラグイン,,,Cookie,,,
select,M,これまでダイヤルアップを利用していたインタ一ネット接続を、ブロードバンドに変更します。必要なコネクタはどれですか。,RJ-45,RJ-11,シリアル,パラレル,,,RJ-45,,,
select,M,名前解決に関係した用語はどれですか。,DHCP,DNS,SSL,POP3,,,DNS,,,
select,M,家庭用電線を利用した技術はどれですか。,イーサネット,ホームプラグ,ブロ一ドバンドルーター,802.11b,,,ホームプラグ,,,
select,M,コンピュータ同士を直接接続するケーブルはどれですか。,ス卜レー卜ケーブル,モジュラーケーブル,クロスケーブル,同軸ケーブル,,,クロスケーブル,,,
select,M,電話回線を利用したブロードバンド接続はどれですか。,FTTH,CATV,ADSL,Wi-Fi,,,ADSL,,,
select,M,複数のコンピュータでインターネット接続をするために必要な機器ははどれですか。,全二重通信,ブロ一ドバンドルーター,WAP,モデム,,,ブロ一ドバンドルーター,,,
select,M,無線LANと干渉を起こすものはどれですか。すべて選択してください。,コードレス電話,電子レンジ,ラジオ,LANケーブル,,,コードレス電話,,,
select,M,Webブラウザに機能を追加するものをなんと言いますか。,プラグイン,クッキー,キャッシュ,ソース,,,プラグイン,,,
select,M,Java についての説明として正しいものを選択してください。,Javaを利用するとインタ一ネットへの接続が高速になる,Javaを利用するとhtml上で様々な効果を与える事ができる,Javaを利用すると動的なWebコンテンツを提供する事ができる,Javaを利用するとWebサイ卜の見た目を定義できる,,,Javaを利用すると動的なWebコンテンツを提供する事ができる,,,
select,M,以前ログインした会員制のWebサイトを開くと、ユーザ一名とパスワ一ドが既に入力した状態でした。これはなんという機能によるものですか。,プラグイン,クッキー,キャッシュ,ソース,,,クッキー,,,
select,M,IPアドレスの枯渴問題を解決するために登場したものはどれですか。,TCP,IPv4,IPv5,IPv6,,,IPv6,,,
select,M,5GHzの周波数を利用している技術はどれですか。,802.11b,802.11g,802.11a,Bluetooth,,,802.11a,,,
select,M,パソコンにディスプレイを接続したところ、何も表示されませんでした。原因は何ですか。,ディスプレイとパソコンに互換性がない,ドライバが間違っている,解像度が低い,解像度が高い,,,解像度が高い,,,
select,M,小さくて持ち運びが簡単なディスプレイが搭載されているデバイスを選択して下さい。,PDA,PDF,USB八—ドドライブ,ワイヤレスレーター,,,PDA,,,
select,M,電源コードをコンセントから取り外すと画面が暗くなるのはどれですか。,ノートパソコン,デスクトップパソコン,サーバー,CRTモニター,,,ノートパソコン,,,
select,M,サーバーはどこに設置するのが最適ですか。,事務所の誰でも利用出来る場所,屋外,専用の部屋,自宅,,,専用の部屋,,,
select,M,高性能な電話機はどれですか。,タブレットPC,スマー卜フォン,PDA,ネットブック,,,スマー卜フォン,,,
select,M,主にインタ一ネットの利用を前提としているコンピュータはどれですか。,タブレットPC,スマー卜フォン,PDA,ネットブック,,,ネットブック,,,
select,M,モニタ一の画面がズレているようです。どうしますか。,OSの画面のプロパティで修正する,モニタ一の自動調整ボタンを押す,ケーブルを交換する,ケーブルを接続しなおす,,,モニタ一の自動調整ボタンを押す,,,
select,M,サ一バーは一般的に何に利用されますか。,CGを描画するため,Webブラウザを利用するため,複数人で機能を共有するため,オフィスアプリケーションを利用するため,,,複数人で機能を共有するため,,,
select,M,ノ一卜パソコンの液晶モニターだけのような形態のコンピュータはどれですか。,タブレットPC,スマー卜フォン,PDA,ネットブック,,,タブレットPC,,,
select,M,次のうち、保存容量が一番大きいのはどれですか。,CD-R,CD-RW,DVD-R,Blu-ray,,,Blu-ray,,,
select,M,パソコンで一番よく使われるデータストレージはどれですか。,八一ドディスク,DVD-ROM,USB,メモリ,,,八一ドディスク,,,
select,M,20GB以上のデータが保存できるのはどれですか。,CD,Blu-ray,DVD-R,FD,,,Blu-ray,,,
select,M,内部に可動部分のないデバイスはどれですか。,CD-ROMドライブ,Blu-rayドライブ,USBメモリ,USB八一ドディスク,,,USBメモリ,,,
select,M,あなたは画像処理を業務で行ないます。接続するカメラはメ一力一がばらばらです。どれを使うのがいいですか。,DVDドライブ,Blu-rayドライブ,USBメモリ,マルチカードリーダー,,,マルチカードリーダー,,,
select,M,何度も書き込みのできるデパイスをすべて選択してください。,DVD-R,DVD-RW,DVD-RAM,DVD-R DL,,,DVD-RW,,,
select,M,次のうち、最もデ一夕を記録出来るのはどれですか。,CD-R,DVD-R,Blu-ray,HDD,,,HDD,,,
select,M,次のうち、磁気を利用したストレージはどれですか。,CD-R,DVD-R,Blu-ray,HDD,,,HDD,,,
select,M,次のうち、一般的に音楽データを保存するのはどれですか。,DVD-R,USBメモリ,MP3プレーヤ一,PDA,,,MP3プレーヤ一,,,
select,M,デジタルカメラをコンピュータに接続するために最もよく使用されるポ一卜を2つ選択して下さい。,USB,SCSI,PS/2,パラレル,FireWire,,USB,,,
select,M,20Hz〜180KHzの周波数で出力できるデバイスを選択して下さい。,CD-ROMドライブ,LCDモニター,スピーカー,ネットワーク力一ド,,,スピーカー,,,
select,M,出力デバイスはどれですか。すべて選択してください。,マウス,キーボード,マイクロホン,モニタ一,スピーカー,,モニタ一,,,
select,M,音声入力に使われるデバイスはどれですか。,スキャナー,Bluetoothヘッドフォン,マイクロホン,スピーカー,,,マイクロホン,,,
select,M,コンピュータでテレビを鑑賞するために必要な機器はどれですか。,デジタルカメラ,Webカメラ,チューナ一,スキャナー,,,チューナ一,,,
select,M,友人とビデオチャットをします。必要な機器はどれですか。,デジタルカメラ,Webカメラ,チューナ一,スキャナー,,,Webカメラ,,,
select,M,古い書類を電子デ-夕にしたいと思います。何を利用しますか。,デジタルカメラ,Webカメラ,チューナ一,スキャナー,,,スキャナー,,,
select,M,—般的に複合機にはどの機能が搭載されていますか。すべて選択してくだ'さい。,プリンタ一,スキャナー,タブレツ卜,Webカメラ,,,プリンタ一,,,
select,M,数字が素早く入力できる機器はどれですか。,タッチスクリーン,ゲームパッド,トラックボール,テンキー,,,テンキー,,,
select,M,光学式のマウスを使っている場合、動作しなくなったときに最初に確認するのはどれですか。,マウスが八一ドウエア互換リス卜に載っているかどうか,LEDが点灯しているかどうか,赤外線の進路を妨害していないかどうか,ドライバが最新かどうか,,,LEDが点灯しているかどうか,,,
select,M,イラストを描くのに最適な機器はどれですか。,タブレツ卜,マウス,キーボード,テンキー,,,タブレツ卜,,,
select,M,共用のコンピュータで、コンピュータを普段利用しない人も簡単に使える機器として相応しいのはどれですか。,タッチスクリーン,マウス,キーボード,テンキー,,,タッチスクリーン,,,
select,M,VoIPの音質をもっとも向上させられるのはどれですか。,802.11bでの通信,IEEE1394での接続,広い帯域幅の確保,Bluetoothでの接続,,,広い帯域幅の確保,,,
select,M,最も性能のいいビデオ力一ドはどれですか。,AGP8X,AGP,PCI-X,PCI,,,AGP8X,,,
select,M,コンピュータにメモリを追加しましたが、OS上で認識されていません。どうしたらいいですか．,〇Sをアップグレードする,〇Sを再起動する,メモリを差し込み直す,BIOSでパスワードをリセットする,,,メモリを差し込み直す,,,
select,M,自動更新を利用する場合の問題点はどれですか。,ユーザ一が必要ではない八一ドウエアがインストールされる,既存の問題にはセキュリティパッチが対応しない,プログラムが動作しなくなる可能性がある,インターネットに接続しないと動作しない,,,プログラムが動作しなくなる可能性がある,,,
select,M,Windows XPで、パッチのインス卜一ルを実行するために使用するユ一ティリティを、次の4つから1つ選択して下さい,プログラムの追加と削除,自動更新,タスクスケジューラ一,レジス卜リ,,,自動更新,,,
select,M,オペレーティングシステムをアップグレードする場合に行うべき手順はどれですか。,システムとデータの完全なパックアップを取っておく,一旦電源を入れ直す,メーカーへ送付する,メーカーのヘルプサポー卜へ連絡をとる,,,システムとデータの完全なパックアップを取っておく,,,
select,M,オペレ一テイングシステムを32bitから64bitへ移行する場合のリスクはどれですか。,パフォーマンスが遅くなる可能性がある,メモリが少なく認識される可能性がある,マルチコアに対応しているかどうか,アプリケーションが動作しなくなる可能性がある,,,アプリケーションが動作しなくなる可能性がある,,,
select,M,アプリケーションをアップグレ一ドする場合に注意すべき点はどれですか。,ファイルの互換性があるかどうか,アプリケーションがインターネットに対応しているかどうか,64bitOSに対応しているかどうか,ディスクがフラグメント化しているかどうか,,,ファイルの互換性があるかどうか,,,
select,M,自動更新を利用しない場合の問題はどれですか。,OSの脆弱性のためウィルスに感染する可能性がある,OSの不安定性のため、機器が破損する可能性がある,自動更新をしないとシステムが稼動しなくなる可能性がある,アプリケ一シヨンが動作しなくなる可能性がある,,,OSの脆弱性のためウィルスに感染する可能性がある,,,
select,M,十分な帯域幅が確保できない場合、ストリ一ミングはどのようになりますか。,映像が映らなくなる,コマ落ちする,音が鳴らなくなる,エラーで止まる,,,コマ落ちする,,,
select,M,ソフトウェアのアップグレ一ドに失敗したとき、最初に確認すべき場所はどこですか。,OS メーカ一のWebサイ卜,PC メーカーのWebサイ卜,ソフトウェアメ一力一のWebサイ卜,検索エンジンのWebサイ卜,,,ソフトウェアメ一力一のWebサイ卜,,,
select,M,D型のコネクタで、9本のピンが2列に並んでいるのはどれですか。,パラレル,シリアル,USB,VGA,,,シリアル,,,
select,M,キ一ボ一ドやマウスで使用されるポ一卜を2つ選択して下さい。,HDMI,eSATA,PS/2,USB,,,PS/2,,,
select,M,多くのパソコンの背面に実装されているDB-9コネクタを彳吏用するI/Oポー卜のインタ一,パラレルポ一卜,プリンタポー卜,USBポ-卜,シリアルポー卜,,,シリアルポー卜,,,
select,M,RJ-45コネクタのピンの数を選択して下さい。,1,2,4,8,,,8,,,
select,M,プリンタ一を接続するのに使われるポー卜はどれですか。すべて選んでください。,USB,SCSI,RJ-45,PS/2,パラレル,,USB,,,
select,M,UPSを利用する場合、接続しておくべきものはどれですか。すべて選んでください。,ノー 卜パソコン,コンピュータ,ディスプレイ,スピーカー,プリンター,,コンピュータ,,,
select,M,FireWire接続が一番用いられるのはどの接続ですか。,内蔵ドライブとシステムボード,外付けドライブとコンピュータ,キーボードとコンピュータ,マウスとコンピュータ,,,外付けドライブとコンピュータ,,,
select,M,モニタ一を接続するコネクタはどれですか。,DVI,USB,FireWire,Bluetooth,,,DVI,,,
select,M,キーボードの接続で、注意すべき点はどれですか。,接触不良,誤ったデバイスドライバによるキ-配列の間違い,コネクタの挿し間違い,オペレ一テイングシステムの対応,,,誤ったデバイスドライバによるキ-配列の間違い,,,
select,M,ノー 卜PCに拡張機器を接続します。どこに接続しますか。,PCI,PCMCIA,PCI-X,AGP,,,PCMCIA,,,
select,M,指でなぞるポインティングデバイスはどれですか。,マウス,卜ラックボール,タッチパッド,指紋センサー,,,タッチパッド,,,
select,M,次のうち、最初に電源を入れるべき機器はどれですか。,コンピュータ,モニタ一,ホットプラグでない外付け機器,ホットプラグの外付け機器,,,ホットプラグでない外付け機器,,,
select,M,100Mのイーサネットのコネクタはどれですか。,RJ-45,RJ-11,BNC,USB,,,RJ-45,,,
select,M,複数台のハ-ドディスクと光学ドライブを搭載したいと思います。適切なコンピュータはどれですか。,ノー卜ブック,省スペース型,ミニタワ-型,フルタワ一型,,,フルタワ一型,,,
select,M,多くの内蔵機器やUSB機器を接続する場合、注意すべき点はどれですか。,プロセッサの処理速度が十分か,メモリ容量が十分か,電源容量が十分か,ストレージ容量は十分か,,,電源容量が十分か,,,
select,M,パソコンのRAMを追加する場合に、確認しておく必要がある項目はどれですか。,OSが対応可能なRAMの最大容量を確認する,RAMをインス卜一ルするための空き容量を確認する,CPUが処理できるRAMの最大容量を確認する,コンピュータが搭載可能な最大RAM容量を確認する,,,コンピュータが搭載可能な最大RAM容量を確認する,,,
select,M,DDR-533 メモリと互換性のあるメモリを選択してください。,DDR-133,Flash drive,DDR-667,DDR-1066,,,DDR-667,,,
select,M,フラッシュメモリを挿入したところ、〇Sから「このデバイスは、高速ポー卜に接続するとさらに高速で実行できます。」というメッセ一ジが表示されたのですが、性能を最適化するためには、次のどのポー卜に接続する必要がありますか。,FireWire 800,FireWire 400,USB2.0,USB1.1,,,USB2.0,,,
select,M,USB1.1と互換性があるのはどれですか。,IEEE 1394,PS/2,DVI,USB2.0,,,USB2.0,,,
select,M,外付けドライブに最速で接続したい場合、どの規格を選びますか。,USB1.1,USB2.0,PCMCIA,IEEE1394,,,IEEE1394,,,
select,M,現在利用している100BaseTXのネットワークに1000BaseTのNICを搭載したコンピュータを接続します。説明として正しいものを選択してください。,問題なく接続できるが、速度は100Mになる,1000M対応のスイッチング八ブを購入する必要がある,すべての機器を1000M対応の機器に変更する必要がある,接続できない,,,問題なく接続できるが、速度は100Mになる,,,
select,M,802.11g対応のワイヤレスアクセスポイントを利用しています。古いノートPCをネットワークに接続します。速度が6Mbps程度しか出ません。なぜですか。,ワイヤレスアクセスポイントが802.11b対応ではない,ノー卜PCが802.11bにのみ対応している,電波干渉が起きている,802.11gの速度は6Mbpsである,,,ノー卜PCが802.11bにのみ対応している,,,
select,M,八一ドウェア測定ソフトウェアで確認したところ、CPUの動作周波数が仕様の2.2GHzよりも大幅に低い1.2GHzでした。原因は何ですか。,問題はない,CPUの故障,ソフトウェアの誤測定,誤ってCPUではない部分を測定してしまつた,,,問題はない,,,
select,M,メモリを増設する場合に推奨される方法はどれですか。,なるべく高速な規格の物を利用する,メーカー純正の増設メモリを利用する,既存のメモリと同じ規格の物を利用する,なるべく安価なメモリを利用する,,,メーカー純正の増設メモリを利用する,,,
select,M,デスクの掃除のためコンピュータを一度移動させました。再度設置し起動しましたが、キ一ボードが動作しません。同様にマウスも動作しません。何が原因ですか。,ハードウェアが故障した,デバイスドライバにエラーが起きている,キーボードとマウスの接続を間違えている,コンピュータの置き方に問題がある,,,キーボードとマウスの接続を間違えている,,,
select,M,ワ一クステーションの再起動時に、BIOS読み込み後non-system disk errorと表示されました。可能性として一番原因の高いものを選択してください。,起動ディスクではないフロッピ一ディスクがドライブに挿入されている。,電源に不具合がある。,マザ’一ボ一ドが破損している。,RAMに不具合がある。,,,起動ディスクではないフロッピ一ディスクがドライブに挿入されている。,,,
select,M,マウスの動きが悪く不安定になりました。原因として考えられる、一番可能性の高いものを選んで下さい。,マウスドライバーの破損,卜ラックボールの汚れ,キーボードによるリソースのコンフリクト,パソコンへの接続不良,,,卜ラックボールの汚れ,,,
select,M,動画を再生すると画面に残像が残ります。コンピュータの動作には問題ありません。解決策として正しいものはどれですか。,画面解像度を変更する,ビデオドライバーをアップグレードする,低速回線モードでビデオを再生する,新しいディスプレイに変更する,,,ビデオドライバーをアップグレードする,,,
select,M,デ一夕コピー完了の表示が出たためUSBメモリを取り外したところ、データが壊れていることがわかりました。どうすればこの卜ラブルを防げますか。,ハードウェアの安全な取り外しを使う,管理者権限でログオンする,USB2.0対応のポートに接続する,セーフモードでデータコピーを実行する,,,ハードウェアの安全な取り外しを使う,,,
select,M,パソコンのNICを使つてネットワークに接続したところ、接続できませんでした。原因は何ですか,USBケーブル,ネットワークケーブル,電源ケーブル,FireWire,,,ネットワークケーブル,,,
select,M,動画を再生すると画面が青くなりエラ一が表示され、再起動してしまいます。どうしますか。,モニタ一のリフレッシュレー卜を変更してみる,画面の解像度を低いものにしてみる,ビデオアダプタのドライバの更新を確認してみる,音声をミュー卜してみる,,,ビデオアダプタのドライバの更新を確認してみる,,,
select,M,コンピュータをしばらく使っていいると青い画面でエラーが発生します。再起動するとしばらく利用できますが、同様の現象が発生します。エラーが発生するタイミングは一定しておらず、何の操作もしていない時も起きる事があります。原因として何が考えられますか。,ハードウェアの故障を疑う,ソフ卜ウェアの破損を疑う,ネットワークのエラーを疑う,八一ドウエアのクーリングを疑う,,,八一ドウエアのクーリングを疑う,,,
select,M,コンピュータを起動するとインタ一ネットヘ接続できません。コンピュータのネットワ一ク部分のランプは点灯しています。何を確認しますか。,コンピュータを再起動する,ケーブルを接続しなおしてみる,ブロ一ドバンドル一夕一を再起動する,モデムを再起動する,,,ブロ一ドバンドル一夕一を再起動する,,,
select,M,ネットワークアダプタの更新があったのでインス卜一ルをしました。するとコンピュータの起動時にフリーズしてしまいます。どうしますか。,コンピュータを再起動する,コンピュータをセ一フモードで再起動する,コンピュータのリセットボタンを押す,CTRL+ALT+DEL を押す,,,コンピュータをセ一フモードで再起動する,,,
select,M,コンピュータにメモリを増設しました。すると利用中に青い画面でエラーが出るようになりました。どうしますか。,増設したメモリを取り外し、エラ一が出るかを確認する,増設したメモリは故障しているので、購入店で交換してもらう,コンピュータをセーフモードで再起動してエラーが起きるかを確認する,ディスクを最適化した後エラーが発生するかを確認する,,,増設したメモリを取り外し、エラ一が出るかを確認する,,,
select,M,プリンターを購入し、コンピュータに接続しました。しかし印刷ができません。何をしますか。,ケーブルを抜き、再度挿し直す,添付のCDからドライバソフ卜ウェアをインストールする,購入店に問い合わせる,メーカーに故障の対応を確認する,,,添付のCDからドライバソフ卜ウェアをインストールする,,,
select,M,ユーザーがネッ卜ワークにログオンできません。確認してみると、NICは正常に動作しているようです。NICとネットワークケーブルとの接続が問題ないかどうか確認するのはどうしたらいいですか。,マルチメータ一で確認する,NICのアクセスランプを確認する,pingコマンドで自分自身のIPアドレスに通信確認する,ネッ卜ワークケーブルテスタ一を使う,,,NICのアクセスランプを確認する,,,
select,M,デ一夕損失の危険を最小限に抑える方法を選択して下さい。,NICの二重化,定期的なバックアップ,ドライバの定期的な更新,定期的なパソコンの再起動,,,定期的なバックアップ,,,
select,M,起動中にS.M.A.R.Tエラーが検知されました。原因は何ですか。,フロッピ一ディスク,DVDドライブ,USBメモリ,八一ドディスク,,,八一ドディスク,,,
select,M,"機器が破損しても,継続してコンピュータが利用出来るようにしたいと思います。効果のある方法はどれですか。",機器の二重化,定期的なバックアップ,ドライバの定期的な更新,定期的なパソコンの再起動,,,機器の二重化,,,
select,M,作業中のデ一夕を失わないために効果のある方法はどれですか。,機器の二重化,定期的なバックアップ,UPSの利用,定期的なパソコンの再起動,,,UPSの利用,,,
select,M,1TBの外付け八一ドディスクに格納したデ一夕を機器の故障により失わない方法として相応しいものはどれですか。,DVD-Rにデータをバックアップする,もう一台外付けのハードディスクを購入しミラ一リングする,BD-Rにデータをバックアップする,大容量USBメモリを購入しミラーリングする,,,もう一台外付けのハードディスクを購入しミラ一リングする,,,
select,M,アプリケ一シヨンをインス卜一ルする際に、確認するべきことは何ですか。,正しいライセンスを購入しているかどうか,バックアップデバイスが接続されているかどうか,ファイアウォールが有効になっているかどうか,複数のユーザーアカウントが作成されているかどうか,,,正しいライセンスを購入しているかどうか,,,
select,M,ノー 卜パソコンでモニターやハードディスクの電源が切れないようにしたいと思います。どの電源設定を使いますか。,常にオン,プレゼンテーション,自宅または会社のデスク,ポータブル/ラップ卜ップ,,,常にオン,,,
select,M,プログラムのインス卜一ルが開始出来ませんでした。原因として考えられるものを選択して下さい。,USBポー卜の速度,ハードウェアの最低速度,ソフトウェアライセンス,管理者権限,,,管理者権限,,,
select,M,Windows XPの推奨インストール要件として正しいのはどれですか。,32MB以上,64MB以上,128MB以上,256MB以上,,,128MB以上,,,
select,M,あなたはWindows XPをVistaにアップグレードしようとしています。コンピュータはインタ一ネットの閲覧のみに利用しています。気をつけるべき点は何ですか。,NICの互換性,モニタ一の互換性,システムの最小要件,アプリケーションの互換性,,,NICの互換性,,,
select,M,デバイスドライバをインストールしようとしたところ、現在のアカウントではソフトウェアをインスト一ルする許可がないというエラーメッセージが表示されましたが、これを解決する方法を選んで下さい。,管理者権限のあるアカウントでログオンして、ドライバをインストールする。,コンピュータのオペレーティングシステムへのアクセスを阻止しているファイアウォ一ルを無効にする。,新しいドライバのインストールを許可するように、八一ドウェアの設定を調整する。,コンピュータのオペレーティングシステムと互換性のあるドライ八を見つける。,,,管理者権限のあるアカウントでログオンして、ドライバをインストールする。,,,
select,M,試用期間中は無料、全機能を利用するには購入しなければならないものはどれですか。,企業向けライセンス,個人向けライセンス,フリーウェア,シェアウェア,,,シェアウェア,,,
select,M,2台のコンピュータで、ネットワークを利用したファイルのコピ一をしようと思います。この2台はブロードバンドルーターに接続されており、どちらもインタ一ネットへ接続ができます。一方のコンビュ一タから他方のコンピュータのフォルダを開こうとすると「応答がありません」、と表示されます。何が原因ですか。,ケーブルが損傷している,ブロードバンドルーターが故障している,ファイアウォールが有効になつている,ファイルのコピーはネットワークではできない,,,ファイアウォールが有効になつている,,,
select,M,"デスクトツプPCのモニターをワイド型のモニターに買い換えました。すると、画面が横長に
潰れてしまいます。どうしますか。",モニターが愁^章しているので、貝冓入店に問い合わせる,モニタ一の最適な解像度に変更する,モニターの横幅の設定を狭くする,ケーブル挿しし直してみる,,,モニタ一の最適な解像度に変更する,,,
select,M,"家族から、自分が利用していない時で良いので、コンピュータを使わせて欲しいと言われ
ました。コンピュータで設定すべき機能はどれですか。",タイムゾーン,画面解像度,パスワード,ユーザーアカウント,,,ユーザーアカウント,,,
select,M,"あなたは複数のアプリケーションをコンピュータにインストールしました。すると不定期でエラ
一が発生するようになりました。インス卜一ルしたアプリケーションをアンインストールしても
現象は変わりません。アプリケーションインス卜一ル前のバックアップはありません。どうすれ
ばエラ一が出ないようにできるでしようか。",重要なデータをバックアップして、〇Sをクリーンインス卜一ルする,アプリケーションを再度インス卜一ルして、アンインス卜一ルする,OSをアップグレードインス卜一ルする,システムフォルダにあるアプリケーションに関わるファイルをすべて削除する,,,重要なデータをバックアップして、〇Sをクリーンインス卜一ルする,,,
select,M,次のうち、デジタル著作権で問題となる事象はどれですか。,デジタルカメラで撮影した風景の写真を自分のブログに掲載した,購入した写真集の1ぺ一ジをデジタルカメラで撮影し、自分のブログに掲載した,購入した音楽CDの内容を自分のMP3プレーヤーにコピーした,無償素材集のWebサイ卜からダウンロードした画像を使って年賀状を印刷した,,,購入した写真集の1ぺ一ジをデジタルカメラで撮影し、自分のブログに掲載した,,,
select,M,"一般的にソフトウェアを,購入した後、メーカーにソフトウェア登録をするメリットは何ですか。",ソフトウェアの機能が向上する,登録しないと利用できない,サポー卜をスムーズに受ける事ができる,新しいバ一ジョンを無償で利用出来る,,,サポー卜をスムーズに受ける事ができる,,,
select,M,"ノー卜PCを利用していますが、バッテリが思つたよりも早く消耗してしまいます。これを改
善するには何をするとよいですか。",メモリを増設する,画面の解像度を低くする,BIOSの設定を調整する,OSの電源設定を調整する,,,OSの電源設定を調整する,,,
select,M,通常、重要なファイルを保存するべきなのはどこですか。,OSのシステムパーティション,定期的にバックアップを設定したフォルダ,アプリケーションが作成したフォルダ,隠しフォルダ,,,定期的にバックアップを設定したフォルダ,,,
select,M,"八一ドディスクの空き容量が少なくなったため、容量の大きい八一ドディスクを購入しまし
た。OSのシステムファイルを新しい八一ドディスクに移動したいと思います。どうしますか。",エクスプロ一ラ一でファイルのコピーを行う,バックアップソフ卜ウェアでファイルを移動する,移動はできない,OSを新しいディスクに再インストールするか、市販のコピーソフトを使う,,,OSを新しいディスクに再インストールするか、市販のコピーソフトを使う,,,
select,M,"自分の個人用フォルダ内のサブフォルダを別のディスクに移動しようとしたところ、エラーが
出て失敗しました。どのような原因が考えられますか。",フォルダは移動ではなく、コピ一する必要がある,アクセス権がない,フォルダまたはファイルを使用しているアプリケーションがある,ファイル単位で移動する必要がある,,,フォルダまたはファイルを使用しているアプリケーションがある,,,
select,M,ファイルを最適に配置し、パフォ一マンスを改善できるのはどのツールですか。,ディスクデフラグ,ディスククリーンアップ,スキャンディスク,Chkdsk,,,ディスクデフラグ,,,
select,M,八-ドディスクへの保存容量を少なくできるツールはどれですか。,圧縮,暗号化,バックアップ,イベン卜ビューア,,,圧縮,,,
select,M,ディスククリ-ンアップの目的は何ですか。,スパイウェアの検出と削除,ディスクエラ一のチェックと修正,未使用ファイルの検出と削除,ラグメントの解消,,,未使用ファイルの検出と削除,,,
select,M,"アプリケーションがエラーを起こしました。これまでに同じエラ一が起きていたかを確認する
ためには何を利用しますか。",エクスプローラ一,Webブラウザ,デフラグツール,イベントログ,,,イベントログ,,,
select,M,"OSでエラーが起きたときのために、現在の状態を保存しておきたいと思います。どのツ一
ルを利用しますか。",デフラグツール,バックアップツール,イベン卜ログ,パフォーマンスツール,,,バックアップツール,,,
select,M,"コンピュータを利用していると、動作が非常に遅くなっています。どのアプリケーションが遅
くなっているかを確認するには何を利用しますか。",デフラグツール,バックアップツール,イベン卜ログ,パフォーマンスツール,,,パフォーマンスツール,,,
select,M,"あるフォルダを閲覧しようとしたところ、「アクセス拒否」のメッセ一ジが表示されました。そ
の原因として考えられるものを以下より選んで下さい。",ユーザーが、システムのファイルを作成しなかった,ユーザ一は、そのフォルダの読み取り許可を与えられていない,フォルダが隠しフォルダになっていた,フオルダの中にシステムファイルがある,,,ユーザ一は、そのフォルダの読み取り許可を与えられていない,,,
select,M,アンチウィルスプログラムが阻止するものを選択して下さい。,卜ロイの木馬,個人情報の盗難,アドウェア,コンピュータの盗難,,,卜ロイの木馬,,,
select,M,個人情報の盗難を防ぐために設定されるブラウザの機能を選択して下さい。,フィッシング詐欺検出,ブックマーク,Cookieの保存,ポップアップブロック,,,フィッシング詐欺検出,,,
select,M,ログインしたまま席を離れても、他の人に八°ソコンを触らせないようにすることができるのはどれですか。,ファイアウォールを有効にする,複雑なパスワ-ドを使用する,スクリーンセ一バーにパスワードを設定する,アンチウィルスソフトをインス卜一ルする,,,スクリーンセ一バーにパスワードを設定する,,,
select,M,OSの脆弱性を修正するためにベンターが行なうのは何ですか。,管理者権限の無効化,アップデ一卜プログラムの提供,ソースコードの公開,ウイルス対策ソフトの提供,,,アップデ一卜プログラムの提供,,,
select,M,"インタ一ネットを利用する上での脅威から身を守るのに役立つ設定はどれですか。
",スクリ一ンセーバーを有効化する,自動更新を有効化する,アクセス制御を無効化する,ファイアウオールを無効化する,,,自動更新を有効化する,,,
select,M,無線LANの安全性を確保する仕組みはどれですか。,EFS,WEP/WPA,SSL,VPN,,,WEP/WPA,,,
select,M,偽のWebサイ卜を作成し、個人情報を収集するのはどれですか。,アドウェア,マルウェア,シェアウェア,フィッシング,,,フィッシング,,,
select,M,"Webサーフインを行なつている際に意図しないウインドウがポップアップで開きました。可
能性の高いものはどれですか。",Cookieが処理された,マルウェアがダウンロ一ドされた,ウイルスがダウンロードされた,ブラウザの履歴のキャッシュが削除された,,,マルウェアがダウンロ一ドされた,,,
select,M,Webサイ卜との通信がすべて暗号化される場合のアドレスはどれですか。,HTTPS,HTTP,SMTP,FTP,,,HTTPS,,,
select,M,セキュリティの脅威の中で、プログラムでないものはどれですか。,マルウェア,スパイウェア,アドウェア,ソーシャルエンジニアリング,,,ソーシャルエンジニアリング,,,
select,M,"ユーザ一への販売目的で、デスクトップに意図しないウィンドウを開いたりするプログラム
は何ですか。すべて選んでください。",ウィルス,アドウェア,マルウェア,スパイウェア,卜ロイの木馬,,ウィルス,,,
select,M,悪意あるコンピュータープログラムを防止するのに使われるのはどのツールですか。,スパ厶対策ソフト,アンチウィルスソフ卜,ファイルの暗号化,ファイルの圧縮,,,アンチウィルスソフ卜,,,
select,M,パスワードを忘れたと偽って電話をかけ、システムのパスワ一ドを閨き出す手口を何といいますか。,スニッフイング,ソーシャルエンジニアリング,フィッシング,ハッキング,,,ソーシャルエンジニアリング,,,
select,M,"Windowsで利用される方法で、デ一夕が作成者または所有者のみが使えるようにす
る方法はどれですか。",EFS,HTTPS,SSL,ACPI,,,EFS,,,
select,M,大量の迷惑メールを排除するプログラムは何ですか。,スパム対策ソフト,アンチウィルスソフト,ファイルの暗号化,ファイルの圧縮,,,スパム対策ソフト,,,
select,M,盗難されたコンピュータ内のデ一夕などの漏洩を防ぐことができる機能はどれですか。,スパム対策ソフト,アンチウィルスソフト,ファイルの暗号化,ファイルの圧縮,,,ファイルの暗号化,,,
select,M,ソーシャルエンジニアリングを防ぐために有効なものはどれですか。,スパム対策ソフト,アンチウィルスソフト,ユーザーの教育,金庫,,,ユーザーの教育,,,
select,M,外部ネットワークからの不正な通信を防ぐことができるものはどれですか。,フィッシング詐欺検出,スパム対策ソフト,アンチウィルスソフト,ファイアウォール,,,ファイアウォール,,,
select,M,パスワードの扱いとして適切なものはどれですか。,パスワ一ドは忘れないように、付箋などでメモしておくと良い,パスワ一ドは数字や記号などを組み合わせた覚えにくいものが良い,パスワードは短く覚えておきやすいほうが良い,パスワードはあまり変更しないようにした方が良い,,,パスワ一ドは数字や記号などを組み合わせた覚えにくいものが良い,,,
select,M,ば,ウィルス,アドウェア,マルウェア,スパイウェア,卜ロイの木馬,,卜ロイの木馬,,,
select,M,広告を目的としたものはどれですか。,ウィルス,アドウェア,マルウェア,スパイウェア,卜ロイの木馬,,アドウェア,,,
select,M,他人のIDとパスワ一ドなどで、不正アクセスする行為はどれですか。,フィッシング,マルウェア,ハッキング,なりすまし,,,なりすまし,,,
select,M,SSL証明書は一般的に次のどの場面で利用しますか。,Webサイ卜の通信を暗号化するhttps,無線LANの通信を暗号化するWEP,ファイルを暗号化するEFS,不正な通信を遮断するファイアウォ一ル,,,Webサイ卜の通信を暗号化するhttps,,,
select,M,子供に不適切なコンテンツの閲覧などをさせないための機能はどれですか。,スクリーンセーバー,ペアレンタルコン卜ロール,スマ一卜カード,ワンタイムパスワード,,,ペアレンタルコン卜ロール,,,
select,M,パスワードを利用しない、高度なセキュリティ機能はどれですか。,鍵,ワンタイムパスワード,スクリーンセーバー,指紋認証,,,指紋認証,,,
select,M,バックアップメディアの保管場所として相応しいのはどこですか。,サーバーの隣,金庫,専門の保管業者,管理者の自宅,,,専門の保管業者,,,
select,M,"Webブラウザを利用する共有のコンピュータにて、セキュリティ上削除した方がよいもの
はどれですか。",クッキー,一時ファイル,デスクトップのシヨ一卜カッ卜ファイル,デスクトツプにダウンロードしたフリーソフト,,,クッキー,,,
select,M,セキュアな環境を維持するのに必要な作業は次のうちどれですか。,システム設定ユ一ティリティを実行する,ディスククリーンアップを実行する,ディスクデフラグを実行する,アンチウィルスソフトで定期的にスキャンを実行する,,,アンチウィルスソフトで定期的にスキャンを実行する,,,
select,M,ウィルスの感染を防ぐために最も重要なことは何ですか。,感染したコンピュータを隔離する,技術者に資格を取らせる,アンチウィルスソフトを定期的にアップデ一卜する,アンチウィルスソフトをインストールする,,,アンチウィルスソフトを定期的にアップデ一卜する,,,
select,M,"ウィルス対策ソフトが、ウィルスを発見したが隔離できなかったと表示しました。何をしま
すか。",コンピュータを再起動する,コンビュ一タの電源を切る,同僚に報告する,システムの管理者に報告する,,,システムの管理者に報告する,,,
select,M,次のうちアップデ一卜の必要性について間違っているものはどれですか。,定期的なOSのアップデートは脆弱性を減らす,ウィルス対策ソフトウェアの定期的なアップデ一卜はセキュリティを向上する,ソフトウェアの定期的なパッチの適用はセキュリティを向上する,OSの定期的なセキュリティパッチはスパムメールを減らす,,,OSの定期的なセキュリティパッチはスパムメールを減らす,,,
select,M,IT技術者にエスカレ一ションすべき事象はどれですか。,ウイルス対策ソフトウェアがウイルスを検知し隔離したと表示された,画面に見覚えのないキヤラクターが表示され、ゲームのように動いている,OSのアップデ一卜があるというメッセージが表示された,アンチスパムソフトウェアがスパムを検出した、と表示した,,,画面に見覚えのないキヤラクターが表示され、ゲームのように動いている,,,
select,M,シンクライアン卜に切り替えるメリットとして正しいのはどれですか。,より多くのアプリケーションがインス卜一ルできる,拡張性が高い,処理能力が高い,節電効果が高い,,,節電効果が高い,,,
select,M,携帯電話のバッテリを処分する際、正しい手順はどれですか。,リサイクルする,ビニール袋に入れる,解して不燃ごみにする,分解して焼却する,,,リサイクルする,,,
select,M,使っていないノートパソコンで、消費電力を抑える方法はどれですか。,スクリーンセ一バーを有効化する,電源アダプタを外す,モニターの電源を切る,休止状態にする,,,休止状態にする,,,
select,M,適切に廃棄しないと環境に対して危険な要因となるものはどれですか。,CRTモニター,液晶モニタ一,CD-ROMドライブ,八一ドディスク,,,CRTモニター,,,
select,M,事務所のパソコンを、勤務時間外にできる限り節電したいと思います。可能な方法はどれですか。,各パソコンにサ一ジプロテクタを設置する,各パソコンにUPSを導入する,パソコンにスクリーンセーバーを設定する,パソコンに一定時間経ったらモニターの電源が切れるよう設定する,,,パソコンに一定時間経ったらモニターの電源が切れるよう設定する,,,
select,M,プリンタ-のトナ-を廃棄する正しい手順はどれですか。,卜ナ一をビニール袋で包む,メーカーにリサイクル方法を問い合わせる,不燃ごみとして処分する,焼却処分する,,,メーカーにリサイクル方法を問い合わせる,,,
select,M,環境面を考慮した場合、効果的な手順はどれですか。,ノー 卜PCをデスクトツプPCに置き換える,PCを頻繁に買い換える,CRTをLCDへ取り替える,デスクトップPCをサーバーPCへ置き換える,,,CRTをLCDへ取り替える,,,
select,M,事務所の営業マンのPCは、出入りが頻繁で電源がいれっぱなしのPCが多くあります。電力を節約するために何をするのが効果的ですか。,営業マンに外出する際はシャッ卜ダウンするよう指導する,事務所に残っているスタッフが見まわってPCをシャッ卜ダウンする,—定時間使用されなければスリープ状態になるようPCを設定する,—定時間使用されなければスリープ状態になるようPCにスクリプトを保存する,,,—定時間使用されなければスリープ状態になるようPCを設定する,,,
select,M,有害物質の使用を制限するガイドラインはどれですか。,RoHS,IEEE,VoIP,SSD,,,RoHS,,,
select,M,コンピュータに利用される電力を節約するために有効な機能はどれですか。,UPS,パワーマネジメント,リダンダン卜電源,自家発電,,,パワーマネジメント,,,
select,M,環境に関連したコンピュータの廃棄で望ましいのはどれですか。,リサイクルする,ビニール袋に入れる,分解して不燃ごみにする,分解して焼却する,,,リサイクルする,,,
select,M,省電力に優れたサ一バ一は次のうちどれですか。,デスクトップPC,ワークステーション,ブレード型サ一バー,タワー型サーバー,,,ブレード型サ一バー,,,
select,M,コンピュータの電源を切る方法として適切なものはどれですか。,OSのシャツ卜ダウンコマンドを実行する,コンピュータの電源ボタンを押す,ノートPCであれば蓋を閉じる,電源ボタンを4秒以上押す,,,OSのシャツ卜ダウンコマンドを実行する,,,
select,M,環境に対して最もよい影響を与える活動を選択して下さい。,古い機器の再利用,低リフレッシュレー卜のモニター利用,低エネルギ-効率UPS機器の活用,ノートパソコンの大容量パヅテリ購入,,,古い機器の再利用,,,
select,M,1つのシステムで複数のシステムを動作させ、電力などを節約できるのはどれですか。,デュプレキシング,マルチプレキシング,仮想化,クラウドコンピューティング,,,仮想化,,,
select,M,自動車通勤者が、最も二酸化炭素の排出量と車の損耗を抑えるのは何ですか。,電車通勤,バス通勤,在宅勤務,相乗り,,,在宅勤務,,,
select,M,HDDとSSDの違いで、正しいものはどれですか。,SSDにはプラッタなどの可動部品がない,SSDの方が保存領域が大きい,SSDの方が速度が遅い,SSDは電源が切れるとデータが消える,,,SSDにはプラッタなどの可動部品がない,,,
select,M,サーバールームで節電できるのはどの方法ですか。,UPSを発電機に交換する,室温を低く設定する,冷気の漏れを防ぐため、できる限り密封する,冷却ファンを増設する,,,冷気の漏れを防ぐため、できる限り密封する,,,
select,M,デ一夕センターにかかる冷却費用を節約できるのはどれですか。,ターミナルサ一バ一,ホットアイル/コールドアイル,温度モニター,NICの二重化,,,ホットアイル/コールドアイル,,,
select,M,クラウドコンピューティングを正しく説明しているものはどれですか。,リソースをインターネット上で提供する,1つのサ一バー上でアプリケーションを処理する,1つのサーバー上で複数のシステムを動作させる,コンピュータが複数のCPUを利用する,,,リソースをインターネット上で提供する,,,
select,M,ノ一卜パソコンの消費電力を最も節約できるのはどの方法ですか。,9セルバッテリーを6セルバッテリーにする,メモリを4GBから1GBにする,HDDをSSDに交換する,DVDドライブをCDドライブに交換する,,,HDDをSSDに交換する,,,
select,M,処理の大半をインタ一ネット上のインフラで行う仕組みをなんといいますか。,デュプレキシング,マルチプレキシング,仮想化,クラウドコンピューティング,,,クラウドコンピューティング,,,
select,M,コス卜の低減になる手法をすべて選択してください。,インクジェットプリンタ一を利用する,レーザ一プリンターを利用する,両面印刷を利用する,片面印刷を利用する,,,レーザ一プリンターを利用する,,,
select,M,処理をサ一バ一側で行い、クライアン卜個jは画面やキーボードなどのコンソ一ルのみを提供する仕組みをなんといいますか。,ターミナルサ一バー,マルチプレキシング,仮想化,NICの二重化,,,ターミナルサ一バー,,,
select,M,サ-バ-ル-厶の構造で、環境に配慮している事はどれですか。,なるべく換気をしない,なるべく冷気が漏れないようにする,なるべく湿度を高く保つ,なるベぐ騒音が漏れないようにする,,,なるべく冷気が漏れないようにする,,,
select,M,省エネルギー製品である事を示すための制度はどれですか。,RoHS,エネルギースター,JIS,Windows Ready,,,エネルギースター,,,
select,M,VoIPの環境に関連したメリットはなんですか。,通常の音声機器より消費電力が少なく済む,通常の機器よりも小型化されている,通常の機器にくらべ音質が良い,音声とデジタルデ-タが統合され、無駄な電力が流れない,,,音声とデジタルデ-タが統合され、無駄な電力が流れない,,,
select,M,過電流からコンピュータを守るのはどれですか。,ケース,MSDS,ESD,サージサプレッサ,,,サージサプレッサ,,,
select,M,パソコンの電気的な問題を阻止するために使用するものを選択して下さい。,ケ一ブル交換コンバ一タ一,ケーブルコンバーター,延長コード,サージプロテクタ,,,サージプロテクタ,,,
select,M,コンピュータの不要なスロットに力バ一を着けるのはなぜですか。すべて選んでください。,静電気を除去する,空気の循環を確保する,ほこりの堆積を防ぐ,CPUをアイドル状態にする,不要なコンポーネン卜の取り付けを防ぐ,,空気の循環を確保する,,,
select,M,パソコンの清掃に使われる適切なものはどれですか。,水で濡らした布,静電気対策型クリーニングシー卜,静電気対策型掃除機,エアコンプレッサ一,,,静電気対策型掃除機,,,
select,M,コンピュータの内部を修理する際に、静電気放電を防ぐのはどれですか。,静電気対策型掃除機,静電気防止リス卜ストラップ,静電気防止バック,静電気対策型クリーニングシー卜,,,静電気防止リス卜ストラップ,,,
select,M,CDの指紋を取る方法で、正しいものはどれですか。すべて選んでください。,水で湿らせた布を使う,溶剤で湿らせた布を使う,中心から外側に向けて拭く,円を描くように拭く,,,水で湿らせた布を使う,,,
select,M,コンピュータの内部を清掃するのに適切なものはどれですか。,雑巾,エアダスター,掃除機,ガーゼ,,,エアダスター,,,
select,M,ESDを防ぐ方法はどれですか。,温度調節,湿度調節,金属に触れないよう注意する,軍手をする,,,湿度調節,,,
select,M,古くなった拡張カードの接触が悪いようです。クリーニングに有効なものはどれですか。,接点改質剤,水で濡らした布,クリーニングクロス,ガーゼ,,,接点改質剤,,,
select,M,PC内部のエアフロ一を改善するのに有効な方法はどれですか。,シングルコアCPUをマルチコアCPUへ置き換える,PCIの力一ドをPCI-expressの力一ドに置き換える,PATAをSATAに置き換える,CケースをノJ、型に置き換える,,,PATAをSATAに置き換える,,,